PDB_ID,UniProt_IDs
1BVE,P04585
7ODP,Q5F6E9
3T3C,P03367
1RMY,P0AE22
1OZ0,P31335
2F27,Q9Y3R4
1R8E,P39075
1I9L,P00918
7DQF,P0AES6
5ZHP,P08483; P00720
1SXU,Q94734
1XH8,P61925; P00517
5K5D,D0KSP7
1OZG,P27696
3CIT,Q884G2
2HJ0,Q8DUC1
1PCR,P0C0Y9; P0C0Y7; P0C0Y8
6B1D,Q6VT83
5QEK,P18031
5NW8,P25321; G3HK48
3TI5,C3W5S3
1XDH,P46925
4HZX,A9YN63
227L,P00720
5H2U,Q13882
2G00,P00742
2J51,Q9H2G2
1O3O,P00760
4WO0,P02766
2HB3,Q7SSI0
1V2X,Q5SM16
1AKY,P07170
4LUE,P08631
3PWW,P11838
1PZN,O74036
4NDI,Q7Z2E3
1OWL,P05327
7D3A,G9YLX2
3C13,P68400
1DS4,P00431
1I91,P00918
3LOX,Q9ELS8
1U3F,P75430
2HTR,Q07599
3T63,P00436; P00437
1HVY,P04818
1HVL,P03367
1TS7,P16113
1XW3,Q9BYN0
1HSM,P07156
2JFL,Q9H2G2
1UWP,P16113
4JNN,C7MT25
2HW7,Q9HBH9
7CS1,P94968
1B5O,Q56232
2HE5,Q91WR5
1NG4,O31616
6W29,Q4DJ68
1AEG,P00431
1AQZ,P67876
6R19,A4TVL0
5RSM,P0DTD1
1MRZ,Q9WZW1
7QY9,G8UIQ1
4EKR,P00720
1AJ8,Q53554
3NPC,P45984
1A9P,P55859
5JIZ,Q13237
1ALH,P00634
1EUP,Q00441
1ZFQ,P00918
3OXX,P03369
1QHB,Q8LLW7
3P9T,Q8KLP4
1T96,O66496
1TSL,P00469
1JDB,P00968; P0A6F1
3CYX,P04587
2G8N,P11086
1ACJ,P04058
1GJU,O33838
6HN1,A0A452F7K4
1RV1,Q00987
4LV5,F2YGR7; Q9QZ85
3UMD,P16113
1X70,P27487
1C8L,P00489
1LPG,P00742
1W0Y,P08709; P13726
5AUI,P0A3C9
7OFP,P84092
5VCX,Q99640
1LGW,P00720
2E4O,Q9UR08
1GII,P24941
1OV5,P00720
7X4H,P68400
8EYO,Q16798
5MUG,P49638
3HOF,P14174
4OMR,Q47NQ8
5WIN,O60674
5G65,O34453
1KE4,P00811
3RI3,P16544
5LC1,Q7YW97
1Q8W,P61926; P00517
7NT4,P0DTD1
1TRN,P07477
1BIF,P25114
6C15,P61769; P29017
4Q1W,P04585
3DAZ,P00918
2I6A,P55263
4GY7,P07374
5IFL,A0A0H3HP34
1ANI,P00634
7DQU,P0AES6
1CY7,P06612
1TDU,P0A884
4A44,Q8XM24
1O93,P13444
2A4G,Q9QP61; P26664
4XOG,Q54727
1TYG,O31618; O31617
4R7L,P09960
1S3B,P27338
5YXC,P76344
3H73,P62576
4KX3,Q9D020
1TO1,P00782; Q40059
1KM8,P11916
7SJJ,P16113
4LU3,Q9ULX7
4UOV,E8T502
1ZJ7,P03367
1BNV,P00918
1VCU,Q9Y3R4
3CSD,P16544
5Z9P,P0A0K8
1SM2,Q08881
1I9N,P00918
1XPZ,P00918
2F80,P04587
3O7M,A0A6L8PVA4
5U1R,P61769; Q95460
1OV7,P00720
6BC9,P00918
3AM5,Q9BJJ9
1XO2,Q01043; Q00534
3JW2,P03367
6ICN,H9N289
3DC3,P00918
4YYT,P00918
4H0C,C6VYE5
6NMK,P05057
5A7R,Q86W56
1FCP,P06971
4MWR,A0A024E3Q2
3APX,P19652
6G22,Q9NPB1
4EY7,P22303
1QXK,P18031
5E5J,Q7SSI0
1BCU,P00734; P01050
6G0D,O60885
4INE,Q22993
1PME,P28482
1SGU,P03367
1LKC,P97084
5Z0M,Q83WS1; Q83WS2
1KO7,Q9S1H5
1JQD,P50135
6MB5,Q51405
2NPD,P69681
1O3I,P00760
3JVW,P03367
3MMX,C3L5T6
1IEL,P00811
5EW3,P35968
5WXJ,E6MVV9
4I1R,Q9UDY8
7Q7M,P0C0Y9; P0C0Y7; P0C0Y8
1UP8,O81959
1V0M,P26514
5MWT,P09382
4PA5,P40746
4X5S,C1DTU5
2GZ7,P0C6X7
1OH0,P07445
2SIM,P29768
4H2N,Q988D3
5FZN,Q9Z2X8
3DYF,Q86C09
1OV6,P0ABP8
2CNE,P18031
4YZ3,A0A0H2UQE4
1RD8,Q9WFX3
6ENO,Q3AET9
2Q31,P68135
5K1L,Q9NAV7
6GR9,Q9UQB9; Q9NQS7
2A48,Q9U6Y6
4P9H,P01730; Q0ED31
1VPM,Q9KEQ1
6KTN,Q15788; P37231
1ZVW,P9WFX5
1RXU,P12758
1H1M,Q7SIC2
1V33,O57934
6R1W,A4TVL0
2H4N,P00918
1UJP,P16608
3OCS,Q06187
1UUX,Q39054
1CY6,P06612
6MWI,Q3JRA0
1L7X,P06737
1O5F,P05981
1RWF,P84141
2Y6P,O66914
7F6N,Q53VZ2
6AFB,Q99497
1E3Q,P04058
1SK9,O00092
3SPK,Q000H7
2ETR,Q13464
1U59,P43403
5MQT,P27707
1M5W,P0A794
1HX3,Q46822
1MRX,P03367
3EL4,P03369
3CAV,P51857
1WVQ,Q8ZVF7
7AXS,P61964
1GQR,P04058
1O2J,P00760
1H0R,P9WPX7
1OWO,P05327
6RG5,P00918
4ALB,O07006
6KYQ,O15075
3CFQ,P02766
2F9U,Q91RS4
1QFF,P06971
6EQ5,P36639
2BIL,P11309
1AKA,P00508
1N6K,P20339
1LEG,P01887; Q62425; P01901
7E3H,P22303
6ZNQ,P50830
2F0Z,Q9Y3R4
2J1P,Q43133
5A58,Q2MGH6
6M8B,Q8NFU5
2BY0,Q9RX51
1S4R,P16113
1RDQ,P05132
3EM6,P03369
2J2U,P00742
1Z4Z,P04850
4ZPH,P53762; P97481
1D4Y,P03367
3OHO,P08254
2C76,P27338
3L14,P00918
1K9Y,P32179
1L9C,P40859
4GZP,K7N5N3
1NSJ,Q56320
2RH4,P16544
6TTA,E9NWK5
5FLI,A2VA43
1UNG,Q15078; Q00535
1GJC,P00749
1XL5,P03367
5WBZ,P50053
1IXP,P0A794
1N7I,P11086
5OH8,A4TVL0
4K1K,Q194T1
1PQP,P44801
6HD4,P00520
2NOP,P69681
1YXU,P11309
7CP8,P14779
2H15,P00918
5X13,E0TW95
1FPP,Q04631; Q02293
4FJ2,O93874
7AXP,P61964
8DT1,A0A1V2Y0M0
1O33,P00760
7LDY,P12497
6ERW,P25321; G3HK48
1R74,Q14749
5NZE,C3W6G3
4OTH,Q16512
1IXG,P0AG82
3SZ1,P37231
1R8H,Q84294
1DLG,P33038
1RE1,P42574
6AYB,A0A2H4A2U9
7PSO,A4TVL0
1MEO,P22102
4U7V,P04585
2C90,P00734; P09945
3NVY,P80457
1TSD,P0A884
1L0F,P00811
4H2P,Q988D3
3OO2,Q5HED1
6HN0,P14639
4BZE,P39840
1KP2,P0A6E4
7N3Y,P38207
3V2J,P00918
1MF8,P63098; Q08209; P62937
1H5Y,Q8ZY16
2QNZ,P9WNG3
1WKQ,O34598
4ALL,A0A0H3JLH9
1OVJ,P00720
6M8A,Q8NFU5
6NFZ,Q92918
1W6N,P09382
2CMA,P18031
1MEC,P12296
1OZF,P27696
7COJ,Q4WQ18
4M53,Q980A5
3GGU,P03367
2FMY,Q3AB29
2BPX,P04587
1S1Y,P16113
1EBK,P03366
2NPC,P69681
4KS8,Q9NQU5
2Y27,B4E7B5
1RX4,P0ABQ4
5VCE,P08684
3CV6,Q91WR5
4FAI,Q86PD7
1GI9,P00749
1O2X,P00760
5OLG,P29274; P0ABE7
3MY5,P24941; P30274
5NEK,Q81EJ6
1U83,O06739
5J48,Q13976
4WLA,P16113
5VC3,P30291
1TG7,Q700S9
4FIX,O53585
1RPQ,P12319
7O8C,A7LY27
1G2O,P9WP01
6NMM,P05057
1OM1,P28523
4IXV,P78540
2F8G,P04587
2G8C,P0CL66
4JA1,P08254
5KU6,P22748
2C6M,P24941
5JW1,Q05769
1L7M,Q58989
1HVH,P04585
7KXC,P0A2K1; P00929
1O92,P13444
7UPJ,P03367
6R12,A4TVL0
4LXZ,Q92769
1QJQ,P06971
7KXB,P0DTD1
2CM7,P18031
4YX4,P00918
1DAK,P13000
1OFH,P43772; P43773
4G9L,P08254
3H87,O07227; P9WFB9
1OJL,P25852
5YCS,Q81GI3
1KPV,P01887; P04857; P01901
4M2R,P00918
3QYZ,P63086
7SZY,A3F778
1TS0,P16113
1WV4,P0AFI7
3S56,Q7SSI0
1QWT,Q14653
4QOG,P16083
1XD2,Q07889; P01112
1XJB,P52895
1PVW,Q60364
3TI6,C3W5S3
7DP6,A0A1P6CBU1
2ANW,P03952
2QJ7,P16113
1N6O,P20339
2CEK,P04058
5SGO,Q9Y233
2RHC,P16544
1M2Q,P28523
1BPD,P06766
1XFN,P16113
1WCH,Q12923
2Y7J,P15735
1X9J,Q9X278
2FXE,P05959
4LL3,Q9WFL7
3DCS,P00918
2V7O,Q13555
1G0I,Q57573
7F6F,Q53VZ2
1NG3,O31616
3LWZ,Q8ZAX1
5OBR,O14965
1RYC,P00431
3TVX,P27815
3KFP,P12499
1RJD,Q04081
1XAE,Q9U6Y4
4AAA,Q92772
2NMZ,Q7SSI0
1Q3D,P49841
6V0X,Q9H8M2
1C1S,P00760
4C3Y,Q9RA02
8AXI,B2ULI1
1AES,P00431
3KRW,P63212; P25098; P62871
2PSE,P27652
1WGJ,P00817
2GQG,P00519
3K5V,P00520
3EDZ,P78536
2VQ3,Q658P3
1FV3,P04958
6SU1,G0UYF4
1MPS,P0C0Y9; P0C0Y7; P0C0Y8
1T5A,P14618
2A4R,P27958
8EYN,Q16798
3LJ1,P32361
1SQM,P09960
1W5X,P03366
3N3I,P04585
1JLD,P04584
5XGM,P00533
2A3C,Q873X9
1C1D,Q59771
1CDD,P08179
2AQU,P03366
7VEJ,B5MGN9
1C80,P07953
4QMX,Q9Y6E0
4DQE,P12499
3DEH,P42574
5Z87,A0A0H0XV02
6S4M,Q14728
1QBR,P04585
1H19,P09960
1ODX,P04585
2VCT,P09210
1VJD,Q7SIB7
3D1Y,P04587
1UF9,Q56416
1TKZ,P04585
1EQM,P26281
1E8Z,P48736
7V6T,P0AFV4
6JP5,P13806; P07293; P19517; P19518
7S5H,Q8NBP7
1E6D,P0C0Y9; P0C0Y7; P0C0Y8
6DIL,P04585
2PF8,P15121
1RYE,Q07982
5MXW,Q9LLQ2
1L6I,P00490
1VRT,P04585
2B35,P9WGR1
6JJT,A0A1S6PUA4
4EOH,O00764
1I80,P9WP01
1AN5,P0A884
7FGC,A0A2P1GNT2
1BNN,P00918
4UBS,Q825I8
2F2U,Q28021
1KKM,P08877; Q9RE09
1OJR,P32169
2C72,P27338
2OBL,B7UMA6
1O3H,P00760
5TEY,Q9HCE5; Q86U44
1RVJ,P0C0Y9; P0C0Y7; P0C0Y8
1TKT,P04585
1DK4,Q57573
1VPV,Q9X1H9
7B0R,Q813T3
1RVV,P11998
6DH3,Q6B6C5
2H8H,P12931
6IJD,Q9LNE6
4MEV,Q21XD7
1DX6,P04058
4TZ4,Q96SW2; Q16531
4HZZ,A9YN63
7LXA,D9IEF7
5WNM,Q9ERK0
2O7B,Q3IWB0
4JSA,P00918
2EVP,P02185
1CY8,P06612
1Z1H,P03369
6MB9,Q51405
1BA0,P19120
1S1T,P04585
1PR1,P0ABP9
1DNL,P0AFI7
1Z6E,P00742
7ODO,Q5F6E9
1B12,P00803
3QLG,P00523
2FM2,Q9ELS8
1SVE,P61926; P00517
3EBZ,P04584
1UEJ,Q9BZX2
5PAR,P08709
2J4I,P00742
1NFW,P00742
2PYM,P03367
1N6N,P20339
1MZR,Q46857
5UQT,P18177
4BBT,P16113
1R8S,Q99418; P84080
2G5F,P9WFX1
1RWC,P84141
1FZO,P01887; P04857; P01901
7XDG,P23368
1KXJ,Q9X0C8
1PCK,O66496
1E1Q,P19483; P00829; P05631
2W26,P00742
1JWH,P68400; P67870
1Y6B,P35968
6CVQ,Q7Z2E3
4YZ2,A0A0H2UQE4
3LXE,P00915
1H8H,P19483; P00829; P05631
4TWN,P29320
1PNT,P11064
3BVA,P03367
3PWR,P03367
6AFA,Q99497
1A40,P0AG82
1MRW,P03367
1FXP,O66496
4F9V,Q9VRQ9
3GM5,Q8RCQ6
1LW3,Q13614
1LC0,P46844
1NIR,P24474
7SPW,P16113
1D4J,P03366
1NJS,P22102
1XN0,Q07343
1HII,P04584
1UGU,P16113
2IU8,P0CD76
3NHA,Q9NP58
2HT8,Q07599
1HVJ,P04587
6CKL,P0A0Z8
3G4K,Q08499
3F4B,Q6TEI5
1QG6,P0AEK4
4ANE,P9WJH7
7B51,O14980; P62826
2HHA,P27487
1JLS,Q26998
7F9V,A0A7J6JUK2
5Z9Q,P0AES6
4B7N,F8UU09
1HPM,P19120
8E1K,P16113
6DEW,O75208
7LBV,A0A8B2VIR8
1RWH,P84141
7CY5,P0AEX9; A0A2K3D5Z7
1LX6,P0AEK4
5Z4H,P0AES6
1HXW,P12499
2QQ7,P00523
1ODV,P16113
1D9Y,Q50964
1TJ5,P74325
1MBI,P02185
5HGI,O75460
6QXU,O95271
1TS8,P16113
4QMU,Q9Y6E0
4I3J,P16113
1PE1,O66496
2GD8,P00918
4YU7,P58399
2FDW,P11509
6VC7,P40709
2FXD,Q90HG9
8A9K,O94782; Q9BXW9; P0CG48; Q9NVI1; Q8TAF3
1RJ6,Q9WVT6
6ICO,H9N289
6PAH,P00439
3DCC,P00918
1C5U,P00760
6EKD,P53779
7B0Q,Q813T3
1EL9,P40859
4M89,A1KVU8
1TTM,P00918
3H1P,P55210
4V2Y,A4TVL0
7KYT,P0A2K1; P00929
7L3H,P00720
1P49,P08842
2ETK,Q13464
1O3J,P00760
1RV4,P07511
4UPJ,P04584
3SOM,Q9Y4U1
1FZK,P01887; P04857; P01901
2OIC,Q9NWZ3
1O2U,P00760
1IVV,P46881
1XKV,Q5SLL5
1EYV,P9WIV1
2V03,P16703
1HPO,P03367
1PEE,Q26241
1WBT,Q16539
1D0I,P15474
4TK1,Q03555; P20236
5A5A,Q2MGH6
7DQI,P0AES6
7AXQ,P61964
6F5V,Q9SIE1
1YWN,P35968
1PQ2,P10632
7L3E,P00720
1MK0,P13299
3LJ0,P32361
2OHK,P56817
3LN1,Q05769
2O4P,Q5RZ08
5RU8,P0DTD1
5Z0F,Q83WS1; Q83WS2
6CVO,Q7Z2E3
3LZU,P24740
1TIO,P00760
4RLT,P9WFK1; I6WYY7
1O5A,P00749
4MBO,Q8E473
1C3X,P81989
3KPU,P11086
4J2S,F6KMV5
5AFE,Q3LHN3
1V3E,Q6WJ03
6DDF,P42866; P59768; P63096; P62873
1GI4,P00760
1O69,Q9S5Y7
1LC3,P46844
2BK3,P27338
3PHY,P16113
1W6R,P04058
1O2T,P00760
2NNG,P00918
1O2Y,P00760
6NPV,P00519
2AOE,P04587
1SQK,P68135; O97428
2WME,Q9HTJ1
1RYD,Q07982
5EOG,Q13394
2NNK,Q7SSI0
1W4L,P04058
1MZV,O77103
7AXW,P25321; P63248
2GWN,Q7MVW1
2C68,P24941
6LVS,P54578
7NQM,P9WPP7
3A28,Q9ZNN8
1DI8,P24941
1XH5,P61925; P00517
2J3J,Q39172
5UGZ,Q0P7K7
5ESU,P9WK11
6DWN,P04798
3D8W,P00918
7M8I,P10109; P19099
4CPN,C0LT34
1PU7,O25323
2IDW,Q7SSI0
2HZI,P00519
2IPF,Q91WR5
4DPH,D9N170
2HEJ,Q91WR5
2QJ5,P16113
5IA3,P29317
2QWX,P16083
5NZF,C3W6G3
6NPU,P00519
1RER,P03315
1CDT,P01452
2C8X,P00734; P09945
2OGJ,Q7CS13
1UU0,Q9X0D0
6NMN,P05057
1SIV,P05896
7DQS,P0AES6
1XMM,Q96C86
4WF6,P15917
4LC3,B4EB17
3W6H,P00915
1EVE,P04058
4M2U,P00918
3NE7,Q9HL57
1LI6,P00720
3PVK,P0CS83
7Q43,O95714; Q96BY6
3CBP,P03372; Q8WTS6
1BV7,P04585
1UNH,Q15078; Q00535
6NXG,A5K1A2
4LQM,P00533
1NVW,Q07889; P01112
1MC5,P11766
1Z4V,P04850
1M17,P00533
3LKT,P00436; P00437
5ZKK,N9V397
3DEI,P42574
3V85,Q9SIY3
1TZX,Q9X286
2HB1,P18031
7S3G,P11926
7ZZS,Q92769
1X07,P60472
1ZE8,P00918
1SHN,Q9BHT8
4ZJB,Q5G940; Q5EDC8
6HD6,P00520
2GNH,P61926; P00517
2A4Q,Q91RS4; O39914
1G1L,Q9HU22
1W9V,E9QRF2
1RY5,P0C0Y9; P0C0Y7; P0C0Y8
7V1G,C4TPE0
3OXW,P03369
6ZFW,Q4D1H5
4IZJ,P89521
1NNY,P18031
6YNA,P25321; P63248
7SPV,P16113
1Q3F,P13051
1Q4L,P49841
1PKE,P0ABP9
1HZG,Q47106
1O5B,P00749
2CNH,P18031
1VLV,P96108
1MET,P03366
1QPJ,P06239
1KM9,P11916
4QYA,P02766
1RL8,P03367
1WEG,P17802
3NDU,P03367
6IBY,Q16875
3KF0,P12499
1IVF,P06820
1KXM,P00431
3NH9,Q9NP58
1RCA,P61823
1KYX,Q9UUB1
4AZT,Q47592
1NSD,P27907
1JK7,P36873
1J05,Q9JL85; P01660
2BUB,P27487
3M35,P00760
7QGE,P68400
8DKS,Q9NWZ3
1QBT,P04585
1GJ9,P00749
3TEH,P27001; P27002
1OTA,P16113
4ZTH,Q16539
1BNU,P00918
1DGR,P50477
1BVB,Q57142
1C9K,Q05599
7L3C,P00720
1RD3,P00734
1OTY,P0ABP8
3AKY,P07170
4LKT,Q01469
1RTF,P00750
3PB9,Q9NXS2
4EWQ,Q16539
1SPR,P00524
1O2Q,P00760
1PRO,P12499
3FNB,Q8DUZ1
4FOI,P19367
4JVG,P15056
1KH4,P00634
2AVO,Q7SSI0; P04587
3HZT,Q3HNM6
3D9Z,P00918
2DC1,O28440
1LWG,P00720
1KBI,P00175
4Q5M,P04585
1PR0,P0ABP9
4I38,P16113
3KFN,P12499
4Z69,P02768
1O3E,P00760
1UU7,O15530
5NBN,P53115; Q12386; P80428; P60010
4H2R,Q988D3
3OZW,P39662
1P5E,P24941; P20248
1BPI,P00974
7S5G,Q8NBP7
2F81,P04587
3FTY,P09960
1TL1,P04585
1X8O,Q94734
1G45,P00918
1P4T,Q9RP17
223L,P00720
2A5X,P68135
1RHM,P42574
1JNW,P0AFI7
6O52,P22303
1SHB,P00524
1O58,Q9WZD3
4XVA,P00431
1D7E,P16113
4YGF,A0A0M3KL20
1PU6,O25323
1NVV,Q07889; P01112
1ODW,P04585
7WAJ,Q8IDK7
1MKY,Q9X1F8
2VVZ,P62575
1OPL,P00519
1MXC,P0A817
4QMS,Q9Y6E0
4EPJ,P03369; Q9YP46
1QUL,P0AG82
1QBS,P04585
2AFZ,Q16769
6I72,Q9M602
1EL7,P40859
2QIO,A0A6L8PBX8
1HWY,P00366
1G46,P00918
1GRF,P00390
5L8N,P51161
2NPJ,P69681
5C8I,P00918
1OD8,P26514
1QPD,P06239
6MMD,P16113
1RXS,P12758
1GLF,P0A6F3
1U74,P00044; P00431
5J0A,Q96KB5
4RGR,Q7X0D9
5KQX,C8BD48
5NZ4,C3W6G3
5VCY,Q99640
7LOG,D9IEF7
2FS8,P20231
1SLI,Q27701
3QWH,O93874
1QF5,P0A7D4
1G52,P00918
4MRA,P00489
2QX6,P16083
1PQM,P00720
3ED0,Q5G940
3VPD,Q5SH23
2POW,P00918
3PCB,P00436; P00437
2OBO,Q9QP06; Q91RS4
1V04,P27170
1EC2,P03366
7N9G,P00519
1EOU,P00918
3ITC,Q93J45
6GUC,P24941; P30274
1FXX,P04995
1FSJ,P09883
1E6C,P10880
1RGN,P0C0Y9; P0C0Y7; P0C0Y8
2BME,P20338
7SZA,Q9Y3C4; Q96S44
2PHY,P16113
1E05,P01008
3NDW,P03367
4WA5,I6NW33
1BDU,P0A884
1FV2,P04958
3LZS,P24740
2O4S,P03367; Q5RZ08
1TL3,P04585
1QSG,P0AEK4
7SF2,E2NBY7
2VD5,Q09013
1UNL,Q15078; Q00535
1P0K,P50740
2F9B,P08709; P13726
5A4V,P46422
6ACS,A0A0D5YHU7
1Y5E,Q816R0
1EJC,P33038
6NG0,Q92918
2OC8,P27958
5DPV,O14965
1MPU,P26718
1FWW,O66496
6KV1,A0AAD2UT50
6R0S,A4TVL0
1XH7,P61925; P00517
2JLS,Q2YHF0
3D1X,P04587
3FZS,Q14289
4X49,V8BWT1
1GRE,P00390
6GP2,Q6F0T5
6TWU,P03126; P07355; Q96QZ7
5N66,Q16539
5Z0J,Q83WS1; Q83WS2
4I06,P78540
1Q6M,P18031
1Q08,P0ACS5
3EKQ,P03369
7LGX,P0A2K1; P00929
1SSC,P61823
4O71,O60885
5DHU,Q8Y8D7
1ZLF,P03367; Q7ZCL6
1BNQ,P00918
2Q1N,P68135
1DGP,Q03471
1TFQ,P98170
2QZX,P43094
3HTH,Q79SH7
1LZQ,P03367
1QKC,P06971
2OH3,Q2VZ87
1W0O,P0C6E9
5UPJ,P04584
1E8V,Q9Q2W5
2AFX,Q16769
6EKU,P0C6E9
2AYP,O14757
1N6H,P20339
1GJ6,P00760
1KMN,P60906
1GK0,P07662
7UY0,P09769
5USY,O60674
1LGX,P00720
8DZU,P16113
2Q63,P03367
1OHR,Q9Q288
1KHL,P00634
2Z3T,Q83WG3
6L57,P51553; P50213
1RX3,P0ABQ4
3G6M,A9LI60
3HVT,P03366
7LOD,P00720
2C9Z,P51094
1W7H,Q16539
5U0M,A1U5W8
4BZ6,A5H660
1W9U,Q873X9
1WBS,Q16539
4IE3,P78540
8F11,D9IEF7
1T13,P61711
8BC7,A4TVL0
4UMD,A0A0J9X241
9HVP,P12497
5EOM,Q13394
4EYO,Q2IU40
1RMZ,P39900
2I6B,P55263
1T1C,P16113
2B5U,P02984; P00646
1DGW,P50477
6ZG0,Q6SZW1
2QWJ,P03472
1J3F,P02185
3HVS,P0A862
1PK9,P0ABP9
3CZV,Q8N1Q1
6M7X,P15538
1RJE,Q04081
5PB1,P08709
1MAB,P15999; P10719; P35435
3FRZ,P26663
8E09,P16113
1GIH,P24941
3D20,P04587
7VC3,A0A7J6JUK2
3OIF,P54616
5VMK,B0VPT6
1MH9,Q9NPB1
2C73,P27338
3ZNC,Q64444
4K0T,P00918
1HPV,P04587
1YFK,P18669
3RXW,Q9F663
3PCN,P00436; P00437
1HVS,P04587
4Y6K,A3CWV0
2WEK,Q8N4Q0
3SOA,Q9UQM7
1X7A,P16293
1C3S,O67135
4I3A,P16113
1XA9,Q9U6Y4
1C8K,P00489
3DD1,P06737
7SNJ,B5CYA4
1U3G,P75430
8B99,O60674
3ARR,Q9AMP1
1N6L,P20339
2JJ2,P19483; P00829; P05631
1LBY,O30298
1W2K,P08709; P13726
4CG4,O15553
6QCD,Q8N6T7
4X0F,Q07343
1T1A,P16113
3VYR,Q5JII0; Q5JII1
2QWF,P03472
1FB7,P04585
1PPJ,P23004; P13272; P00129; P00125; P31800; P00157; P00126; P00130; P13271
3PO7,P27338
1U1D,P12758
6R13,A4TVL0
2XFP,P27338
1M32,P96060
1L8S,P00592
1GJD,P00749
1GYP,Q27890
2QKR,Q5CRJ8
5E8E,P00734
1G1D,P00918
1SGE,P00777; P68390
3NC2,P50053
2H4K,P18031
1GI5,P00760
1CRX,P06956
4M2V,P00918
3ITJ,P29509
1BW9,Q59771
1K6Y,P12497
7EBV,A0A1S4FIB3
7UUN,A0A1D0AST6
4K0Z,P00918
5Z8K,Q70KD9
1T1B,P16113
1RVY,P07511
3UBA,P80025
3DN8,P00720
2CMF,P04058
1UV5,P49841
1MUN,P17802
1PII,P00909
6MWJ,Q3JRA0
1C5S,P00760
1O34,P00760
1Y5A,P00760
1KV2,Q16539
6JU4,A0A1S9DK56
5OM6,P01011
1TCO,P63099; P18203; P48452
1CCG,P00431
1STC,P61926; P00517
4IXU,P78540
1DSY,P05696
1FI9,P00004
5JIX,Q13237
2C6I,P24941
1RTW,Q8U189
1MFP,P0AEK4
1N63,P19919; P19920; P19921
4MWX,A0A067Y7N7
1N49,P03369
1V59,P09624
1B6P,P03369
1NY0,P62593
1XF0,P42330
6AF9,Q99497
1ZSW,Q81H03
1ELZ,P00634
1PT7,P69902
1ETH,P02703; P00591
1MX1,P23141
6OOU,P12497
2QHC,Q9J2P7
1JP4,Q9Z1N4
4BTK,Q5TCY1
7WPM,Q5HII6
3NHB,Q9NP58
1RWQ,P27487
2G71,P11086
1FQX,P03367
2CAQ,P30113
2I54,Q95ZD7
3PWM,P03367
4JQJ,B3LRE1
4DQH,P12499
1V2G,P0ADA1
4YXI,P00918
4DQC,P12499
4JY3,Q988D3
4NR0,Q9ZFE4
1W7X,P08709
1MSN,P03367
2J89,A9PFX3
2QO7,P29320
1IQR,P61497
6XIC,Q8NBP7
3VS3,P08631
5OML,Q8IEW2
1ZRZ,P41743
1MZU,Q9X2W8
1USR,P32884
5AUV,P53355
5AMI,A4TVL0
1SV9,P59071
3S53,Q7SSI0
4EYQ,Q2IU40
2B1P,P53779
2CJI,P00742
3HUK,P00720
4B7R,C7FH46
1EBW,P03366
1H2E,Q9ALU0
1XQ0,P00918
1PM1,Q26241
1JIZ,P39900
1FBT,P07953
4DPE,P08254
2FXR,P20231
3K1L,Q8T913
1GSW,P16113
7LOA,P00720
1US0,P15121
5KV8,G8G134
2I6O,Q97VZ7
7V18,P03951
1RKV,Q9I2Y2
2H9V,Q28021
2V58,P24182
1NU7,Q846V4; P00734
2O4L,P03367; Q1G1C3
1VPH,Q97VS8
1NVR,O14757
7F6O,Q53VZ2
1GW6,P09960
6OPV,Q7ZCI0
2A46,Q9U6Y6
1D4S,P03367
1U1I,O28480
4G0C,P00918
1RT5,P04585
1BNW,P00918
7MAS,P03367
1KOU,P16113
1NP1,Q26239
1X9F,P11069; O61233; P13579; P02218
4MRF,P15379
4B8M,O13024; Q6DE08
2CKM,P04058
1ALJ,P00634
4MXX,P12931
3CAQ,P51857
1K4M,P0A752
2JSD,O60882
1RA3,P0ABQ4
2FDE,P04585
2HD6,P00918
6A6E,A0A1B0VPZ3
1KYV,Q9UUB1
3CKE,Q9UR08
6W6Q,P10274
2BQ6,P00742
1KE0,P00811
1WCQ,Q02834
8A9V,Q8Y8D7
4X6P,P03951
1Q1M,P18031
4WHR,P00436; P00437
220L,P00720
1SHA,P09619; P00524
1Z1R,P03369
1SVH,P63249; P00517
2J34,P00742
3NDT,P03366
2WJ9,Q8VRA1
2GBI,P14740
1E6A,P00817
3SLH,Q83E11
6TR5,Q6P988
7ZEJ,Q8N4Q0
1Y5U,P00760
1E0S,P62330
1KVM,P00811
3V8H,Q2SXY2
1Q3W,P49841
1C5Y,P00749
1W5W,P03366
3IUX,Q00987
3SI2,Q9CYK2
5DUJ,I6Y9J2
3PCI,P00436; P00437
3V2M,P00918
5IQE,P0A0C1
5Z9B,P0AES6
1AAQ,P03367
4KDY,B8J605
1HPX,P03367
1GI7,P00749
6NFY,Q92918
4FB4,Q6N8W4
5V36,Q8DUR5
1DXE,P23522
1HNN,P11086
1BFF,P09038
2CML,Q6XV27
3P9I,Q9ZTU2
6OPU,Q7ZCI0
3ML5,P43166
7OYP,P00918
8E02,P16113
3EL9,P03369
4HN3,Q8Y6D1
2QO8,P00918
1SXX,Q94734
2AEX,P36551
7MAP,P03367
1WBM,Q8Q3H0
5G08,Q9VWX8
1B4S,P22887
1K2C,P04587
1QTI,P04058
1DSO,P00431
6NPE,P00519
4RU1,A0LVW8
1Q91,Q9NPB1
1UH5,Q9BJJ9
5OK3,P25321; G3HK48
1G79,P0AFI7
1MTR,P03369
6TLL,P68400
3G0M,Q8ZPQ1
1H7B,P07071
1NML,P83787
2W3P,Q13WK7
1VDR,P15093
1ZSR,P03366
1LJW,P69905; P68871
1B8N,P55859
1LQK,Q9I4K6
1RW9,P84141
1CQI,P0AGE9; P0A836
4J6O,A3DJ38
4BKJ,Q08345
1U80,P0ABQ0
1VQV,O67883
6GM9,P00918
5SWG,P42336; P27986
3JVY,P03367
3PB7,Q9NXS2
1WAR,P13686
1RFQ,P68135
1OU4,P0ABP8
7L37,P00720
4MXO,P12931
6VZK,Q9UQM7
1LW0,P04585
3BXX,P51110
1O32,P00760
1FY6,O66496
4N7I,O00481
2OGD,Q86C09
1EC3,P03366
5FQD,Q96SW2; Q16531; P48729
2PD3,O24990
1L7G,P03472
1JLR,Q26998
4JPT,B3LRE1
1JDS,P50389
3MIY,Q08881
2FS9,P20231
7XYH,P19784
3GVU,P42684
2O2Y,Q9BH77
5OL1,P74750
1U32,P36873
1HEZ,P01834; P01871; Q51918
1L5W,P00490
6BCC,P00918
4QA0,Q9BY41
5OH1,A4TVL0
5N0I,C7C422
4E97,P00720
1CQJ,P0AGE9; P0A836
1Q6P,P18031
1YDA,P00918
6XXK,P49366
1YHS,P11309
1ANJ,P00634
2CHM,O76074; Q07343
5JD7,Q13976
2IVU,P07949
1EX0,P00488
1AOP,P17846
1URA,P00634
7JVU,Q9BY41
3UFN,P03367
7ORU,P0DTD1
1N60,P19919; P19920; P19921
8FKB,B2HHT9
2EWA,P47811
5I9X,P29317
4MDF,A3DJ38
4I39,P16113
1DNC,P00390
1QUI,P0AG82
1TBB,Q08499
5KNJ,Q8NB16
3ROX,Q8K4Z3
4HKK,Q9H2K2
7TB7,Q9F663
1BXI,P13479; P09883
6S32,K9TVC9
3R4G,P30405
3TKG,P03366
1J91,P28523
1OO0,P49028; Q9V535
2C93,P00734; P09945
1RVU,P07511
1WBH,P0A955
2NRY,Q9NWZ3
6OPX,Q7ZCI0
5DT0,O14965
3NSQ,P19793
6M13,A5H025
2F29,Q9Y3R4
1DI0,P61711
1MER,P03366
1S61,P9WN25
6GQT,P01116
3HEC,Q16539
7F9S,A0A7J6JUK2
4CI2,Q16531; P0CF65
1G7G,P18031
4EQ0,P03369; Q9YP46
1O38,P00760
2B07,P18031
1MXA,P0A817
7D3B,G9YLX2
5JN9,P22748
1SXW,Q94734
7OCU,D0C7J2
2IEN,P03367
1LWC,P04585
2C6K,P24941
1O3P,P00749
2PH9,Q8WSF8
1XWS,P11309
3GZM,O77077
3BZU,P28845
1F9I,P16113
7OPW,P03372; P31947
3LXV,P00436; P00437
1F0I,P84147
2X7I,Q6GJ78
5YVC,Q96RR4
1Y91,P24941
1PW7,P0ABP9
3KQS,P11086
2BUJ,O75716
5NWE,C3W6G3
3OJF,Q81GI3
8BC9,O75643; Q6P2Q9
2IUW,Q96Q83
7A54,P62575
1WE1,P72849
4KXQ,Q96EB6
1N62,P19919; P19920; P19921
6P06,P05057
6KCX,Q9WZL1
4WA4,I6NW33
6M89,Q8NFU5
1GJA,P00749
1XOS,Q07343
2HNY,P04585; P03367
8BVE,Q8NS03
7B61,P22188
1URL,Q62230
2HT7,Q07599
1RV7,Q9QM22
2H4G,P18031
6OPT,Q7ZCI0
2X2M,P07949
5OLT,Q7CPI7
6TC2,P01308
1JXZ,A5JTM5
2O7F,Q3IWB0
1HHO,P69905; P68871
3KQT,P11086
1H9K,Q44529
4MHZ,B7QK46
2WEJ,P00918
5YLE,A0A0R6L508
2B0Q,P0A3Y5
5KHY,P0CG47
5A59,Q2MGH6
1VEB,P61925; P00517
1CIL,P00918
1GJ4,P00734; P28504
8B02,A0A1X7V4K0
6JU5,A0A1S9DK56
1RX2,P0ABQ4
3WSJ,Q82134
1IUG,P83786
1BKJ,Q56691
1CWS,P30305
3MS9,P00520
3BDL,Q7KZF4
6X83,P01375
1PR4,P0ABP9
1QGX,P32179
3V80,Q8Y8D7
1E7V,O02697
1D7O,P80030
2BY7,P00760
7B6I,P22188
2W0D,P39900
6DDE,P42866; P59768; P63096; P62873
1UU8,O15530
3N7Q,Q99551
1LI3,P00720
1Q3A,P09238
5A57,Q2MGH6
5BVW,Q08345
4K13,P00918
2ART,Q9HKT1
3M36,P00742
1T9R,O76074
4YWY,Q16769
1GHZ,P00760
1D4I,P03366
1OUW,P93114
5MZP,P29274; P0ABE7
1BV9,P04585
3BVB,P03367
2AZR,P18031
3D6V,Q57834
1W8N,Q02834
6O2Y,O75874
2P1C,Q86C09
3MMR,Q8I384
1C8X,P04067
1MXO,P00811
7L3B,P00720
1THF,Q9X0C6
2IPJ,P52895
2HCK,P08631
1BJI,P03472
1XKK,P00533
5MNH,P00760
2BYA,P00760
1FZM,P01887; P11212; P01901
2YII,Q68G84
4FFW,P14740
1FB8,Q9UN19
2HTU,Q07599
3EM4,P03369
1N3I,P9WIL5
5EOO,Q3SAW3
4W9N,P49327
6EOR,Q86TI2
1O35,P00760
2Q5K,O38710
1MEJ,P22102
7DQL,P0AES6
4JP3,Q53W82
1Z4W,P04850
2JAM,Q96NX5
1NRG,Q9NVS9
1RC1,P22102
3PYY,P00519
4DQB,P12499
1W6P,P09382
4NOG,S8EY38
1BVC,P02185
5Z3B,D2PPM8
5XGN,P00533
1W8K,O61130
5LLN,Q8N1Q1
4YUA,P00489
5APR,P06026
1V9Q,P02185
4Y95,Q3ZC95
1F0U,P00760
2XIK,O00506
2F6Z,P18031
4JBQ,O14965
1OUM,P0ABP8
1Y6A,P35968
2QX4,P16083
3AM3,Q9BJJ9
7ERK,P02766
1UAM,P43912
3Q1L,Q8DQ00
1C5Z,P00749
3PYP,P16113
4EKS,P00720
7FCM,D5VCE0
1HO5,P07024
6DRW,O60674
1AVQ,P03697
2B7Z,P03367
4WL9,P16113
5EOE,Q3SAW3
2A9W,P0A884
1U11,Q2QJL3
1K7G,P16317
4FE3,Q9D020
4R9I,C0J8G7
6DH0,Q7ZCI0
1P0C,O57380
2H7Q,P00183
4QXV,P02766
6I2A,P25321; G3HK48
1LYV,P15273
1DEA,P0A759
3U02,Q8TZX0
4QOI,P16083
7MS2,P14002
1M52,P00520
3OM2,D5DC07
1UDT,O76074
2FJN,P18031
5L17,R4NFR6
1SY3,Q94734
1DDU,P0A884
1MSM,P03367
2O4U,Q9TQS6
3PJE,P0AEK4
4EIP,Q8KI25
8BSG,P49065
1IA1,P22906
1IKJ,Q94734
4YOA,Q5RTL1
4YZ5,A0A0H2UQE4
1T7E,P45697
1DV1,P24182
5YNX,B2GM84
1RVW,P69905; P68871
4YUY,Q4DA73
6DH6,Q7ZCR0
1BRW,P77836
2IQD,P15121
2CAI,P30113
3VE4,P16113
1O2M,P00760
3CGG,Q8NQI0
1C8Z,P50586
3I7E,P03369
2RKG,A0F6C5
2QWE,P03472
3Q6K,Q5WPU9
1EAZ,Q9HB21
4NJV,Q9J006
1Q6S,P18031
1WAW,Q13231
2QOB,P29320
2QWG,P03472
1E20,Q9SWE5
3BJM,P27487
4MA8,P04925
1W6Y,P07445
1YZ3,P11086
1CRK,P11009
2W4O,Q16566
7MOK,Q9ZVN4
1C6Z,O09893
1SM4,Q9M4D2
1BX0,P00455
4IXZ,Q5H4T8
1R5I,Q48898; P01911; P01903; P11133
6UN8,P05057
1B8O,P55859
5EJ0,P07240
2I3Z,P14740
6DGX,Q72498
1ESV,P06396; P68135
1C5Q,P00760
2ZWF,Q83WS1; Q83WS2
1KZK,P03369
1HOR,P0A759
1O3A,P00760
4AYK,P03956
1ZS0,P22894
3SK3,P63411
1IDR,P9WN25
6P9A,P03367
1NXK,P49137
1AGR,P10824; P49799
1PR2,P0ABP9
6RL9,P00918
5WBO,P50053
7CL6,Q6L732
1OAU,P01724
1I9Q,P00918
5USZ,O60674
5MO0,P00760
3ZN4,C8CHL4
1GSV,P16113
6AH9,D0CAD5
6S0E,A0A5S8WFA6
4KX5,Q9D020
5UIO,P0ABQ4
4I00,A9YN63
1BN1,P00918
7L38,P00720
2VRX,O13024; Q6DE08
1RHU,P42574
2OIQ,P00523
6G9I,Q05320
6R1C,A4TVL0
6PAB,P00805
1EBY,P03366
1PIE,Q9R7D7
6HCX,P03472
5H9I,Q39ZI0
6FNM,P54760
4F1T,Q6XHB2
5II2,Q86U86
1MG3,P22619; P22364; P29894; P29899
1JLL,P0AGE9; P0A836
3OY4,P03369
5YJ1,Q8C7D2
4JBE,C7MW73
3HUA,P00720
3UE4,P00519
5XDH,I3IL56
2O2S,Q6UCJ9
4ZBQ,P35747
1PP9,P23004; P13272; P00129; P00125; P31800; P00157; P00126; P00130; P13271
7OQ8,P03372; P31947
3K3A,Q3S340
4B7J,F8UU09
1YDD,P00918
6Q37,P78540
4CI1,Q16531; P0CF65
1NFY,P00742
1GPM,P04079
1F8B,P03472
1A4Q,P27907
3SAN,A1ILL9
5VFM,Q9IAT9
1U1F,P12758
6HEB,P03472
3WL6,Q9LCQ7
1U0E,P06745
1PC3,P9WGU1
1TBF,O76074
1MKO,P69905; P68871
6JP8,P13806; P19518; P19517; P07293
5JAX,Q13976
5AMK,A4TVL0
3CBO,P03372; Q8WTS6
5AQS,P11142; Q99933
3KK6,P05979
5O0E,P25321; G3HK48
3FX5,P03367
1UFJ,P02185
7SPX,P16113
4QGI,P0C6F2
1XH6,P61925; P00517
2BZ6,P08709
3BPT,Q6NVY1
1G53,P00918
3N8Y,P05979
3PCA,P00436; P00437
5JNC,P22748
6EBZ,F2I8X9
2O64,P11309
1NY5,O67198
1KWR,P00918
5MXB,Q9LLQ2
5VC0,P08684
4PP4,P03134
1Z9T,P33644
3BZM,P38051
1EZQ,P00742
1D0S,Q05603
7A6T,P49366
2ITO,P00533
1OWM,P05327
4BBU,P16113
5LAB,P39900
1O2G,P00734; P28504
4XIW,Q39588
6S48,Q8YYB7
4OM8,Q988C8
1YDB,P00918
1H9J,Q44529
5VC5,P30291
3DD0,P00918
1SK8,O00092
6K0K,P21599
1H22,P04058
4NPT,O38896
2VEQ,P40969
1FGA,P09038
1C0E,P11064
1P2L,P00720
1B6M,P03369
1HSH,P04584
6AU2,Q15047
6UG4,Q8A5J2
1S3X,P0DMV8
6XXJ,P49366
3K6V,Q8TTZ5
2BIK,P11309
3VHB,P04252
1U17,Q26239
2BUA,P22411
7DPR,P0AES6
3EKT,P03369
2OBF,P11086
5Z0I,Q83WS1; Q83WS2
5JN8,P22748
4F92,O75643
1T8K,P0A6A8
7F6P,Q53VZ2
3EMY,Q2WBH2
5TT3,A0A0M3KL20
1Y5B,P00760
7AXX,P61964
1O31,P00760
2I0A,O38723
3D6U,Q57834
1IXH,P0AG82
2QNY,P9WNG3
1F98,P16113
4GY2,P68135; Q46220
3OXC,Q7SSI0
1XBB,P43405
4TZC,Q8C7D2
1W6H,P46925
6TWQ,P03126; P07355; H7C535
5YQM,Q8IXJ6
1LEN,P02870
4LFB,Q5SLQ0; Q5SHP7; P17291; P80373; Q5SIH3; Q5SHN7; Q5SHQ1; Q5SLP8; Q5SHP2; Q5SHQ5; Q5SJ76; P80374; P80371; Q5SJH3; Q5SHQ2; P80376; P80372; P80377; P80380; F6DEQ7
4FZF,Q9P289; Q9Y376
1S1Z,P16113
2ITZ,P00533
5AV3,P53355
5VOF,P00742
1USX,P32884
2AVV,P04587
1RKY,Q96X16
2CM8,P18031
1DSP,P00431
1BXG,Q59771
1HIH,P03366
1VLP,P39683
2FM5,Q08499
1OPJ,P00520
3VAA,Q8A2B2
4FUA,P0AB87
3HS4,P00918
7B6P,P22188
4Y4D,P11838
2ASN,Q26241
7TBP,P12493
2BUC,P22411
1OPK,P00520
7LHX,P09012
2ESM,Q13464
1JFT,P0ACP7
3B0D,P0DJH6; F1NPG5
1W83,Q16539
5IJ6,Q838C1
7ZH4,P62987; O94782
1YGK,P82197
1O3M,P00760
6XXI,P49366
1GJB,P00749
1ASS,P48424
6NRF,P09874
2V57,Q58L87
1T46,P10721
4MBA,P02210
5KQY,C8BD48
2VCV,Q16772
3PCH,P00436; P00437
4XEY,P00519
1W0K,P19483; P00829; P05631
7Q2F,Q79FX8
3EC0,P04584
5Z3F,D2PPM8
3HCH,Q9JWM8
3IB0,P24627
3P8B,Q8TZK1; Q8U440
1MRP,P35755
2HNC,P00918
4NVE,B3LRE1
7BEX,Q0P8L1
3HXV,P00957
2ZNT,P39086
1QFC,P29288
6XCZ,P00791
3G0D,P27487
1OJA,P27338
6Z3B,A7B558
5WXI,E6MVV9
1F0S,P00742
3OCT,Q06187
4WHP,P00436; P00437
1SDV,P03367
1XA1,P18357
1OWN,P05327
2Z54,P04587
1RX8,P0ABQ4
1AEJ,P00431
6TV4,Q6P988
2BY2,Q9RX51
1MZS,P0A6R0
5Z0H,Q83WS1; Q83WS2
2O48,Q9TQS6
1NPV,P03366
1PJT,P25924
3SJH,P62326; P68135; O97428
1SDT,P03367
6X0C,P0A2K1; P00929
2UGI,P14739
1O36,P00760
2ITQ,P00533
2AT3,Q94734
2BY1,Q9RX51
6EQ9,P53779
2QYO,Q06YR3
4YW5,A0A0H2UQE4
4HPX,P0A2K1; P00929
6XXL,P49366
1AS2,P10824
7MAR,P03367
1O5G,P00734; P28504
3K4V,P03366
2BBB,P03366
1W7C,Q96X16
1O2P,P00760
6QHC,Q92876
1ZGE,P00918
7YQN,P37330
5DHS,Q8Y8D7
7BQU,Q96SW2; Q9UJQ4
1LRO,O66496
1O3F,P00760
3AMB,P61925; P17612
4O7A,O60885
1QCP,P00760
1M93,P07385
1WCF,P9WI55
2ZVA,P25911
3V8M,Q8Y8D7
2C67,P27338
1OKY,O15530
4K1I,Q194T1
2XCU,O66663
1LEK,P01887; Q62425; P01901
2PL0,P06239
1G19,P9WHJ3
2AW1,P00918
1QIP,Q04760
3B0C,P0DJH6; F1NPG5
1I30,P0AEK4
6XXH,P49366
1O9T,P13444
1QFV,O77421
2AH8,P42212
2BOH,P00742
1KAR,P06988
1U0F,P06745
4Q1X,P04585
1X2H,P32099
4JPH,O88273
1EJ7,P69249; P00876
1T8X,O66496
1VI9,P77150
1AG1,P04789
1M7R,Q13614
1W8B,P08709
3PCG,P00436; P00437
4FIM,P24627
1XX4,P23965
1XQ4,Q7VU61
6OP9,P21860
2H42,O76074
6FDY,Q6PHR2
1JH9,P0ACP7
3BQC,P68400
2FDU,P11509
7V62,P22059
1LQO,Q9I4K6
1ODC,P04058
3IJX,P19491
4NDF,Q7Z2E3
4OLC,A8BB85
2Y8D,Q6UDW7
2R0P,Q8KI25
2BXZ,Q9RX51
5VFJ,Q9IAT9
2GO3,O67648
7DP5,A0A1P6CBU1
7F6K,Q53VZ2
1L84,P00720
1K39,Q05871
2F47,P00720
1O3D,P00760
7LOC,P00720
1RZH,P0C0Y9; P0C0Y7; P0C0Y8
1XEP,P00720
1O2R,P00760
1SNU,Q08881
6QS5,P28523
4MXZ,P12931
5NUK,P02754
3R12,Q9X1P5
8DZX,P16113
4MHY,B7QK46
4F8J,Q6N8W4
2NPK,P69681
1AOB,P0A884
5PH6,Q6B0I6
3AYK,P03956
2ZWG,Q83WS1; Q83WS2
1W6M,P09382
1O3L,P00760
2HYY,P00519
1A9X,P00968; P0A6F1
1GJ7,P00749
3JZE,P06204
1UGI,P14739
6L59,P51553; P50213
2Q64,P03367
1CY1,P06612
5NUJ,P02754
1AJV,P03366
6TWX,P03126; P07355; Q96QZ7
4HV4,Q8ZIE8
7L3K,P00720
2YA6,P62575
1N5W,P19919; P19920; P19921
1I9M,P00918
1RO6,Q07343
3BBT,Q15303
5Z4O,P0AES6
5DHQ,Q8Y8D7
1BNC,P24182
7L3G,P00720
1II7,Q8U1N9
7M9Z,P12497
2IIT,P27487
5AUU,P53355
3H30,P68400
1E48,P0AB87
1UUY,Q39054
1MZ4,P0A386
1H2F,Q9ALU0
1J97,Q58989
1K27,Q13126
1Z3J,P39900
1M40,P62593
3HBA,Q12KP2
1USY,Q9X0D3; Q9X0D2
1KSH,Q9D0J4; O43924
1W6O,P09382
1EX2,Q02169
1KDW,P00811
1UDS,O67069
1XHA,P61925; P00517
1E47,P0AB87
2QWS,P16113
1QFT,O77421
1XC6,Q700S9
3T5U,P00918
5LG3,E0SJQ4
2YA7,P62575
1H23,P04058
8BCB,O75643; Q6P2Q9
6HG5,Q6XV27
1O5D,P08709; P13726
2JNP,P08254
1H62,P71278
4WHS,P00436; P00437
4ZBR,P35747
7LOE,P00720
3BCN,A5YVK8
2C75,P27338
2R5P,O12158
3NRC,Q5NGQ3
1NR6,P00179
5VEF,O96013
1OHL,P05373
1G54,P00918
4YW3,A0A0H2UQE4
1JCM,P00909
1KTG,Q9U2M7
2PFH,P15121
3DCW,P00918
8E1L,P16113
1W0M,Q8NKN9
5Z3D,D2PPM8
1RT1,P04585
3K96,Q83BJ0
7CB2,A0A0H3KGN1
7VRM,P25440
5RTL,P0DTD1
1W82,Q16539
5DR6,O14965
4YHA,A0A0M3KL20
1LI2,P00720
3ARU,Q9AMP1
1MZ6,O44049
4X5I,P0ABQ4
2GNF,P63248; P00517
4WNJ,P02766
5DBY,P35747
2HND,P04585; P03367
1FXU,P55859
6P08,P05057
3KGQ,P00730
7DP4,A0A1P6CBU1
4X5V,Q9UGP5
1UVR,O15530
8BPC,O75182; Q92769; Q96QT6
5JMS,Q9BJF5
5EEI,F8W4B7
3GI5,P03369
4Q1Y,P04585
1FRQ,P00455
1XJT,Q37875
4M2W,P00918
3H4Y,Q72FB2
1AJX,P03366
1YHJ,P82197
3LZV,P03369
6S0V,Q6L732
1Y8Y,P24941
1CMK,P61925; P36887
7FGD,A0A2P1GNT2
1G76,P0AFI7
6AWU,Q6VT83
3GR6,Q6GI75
1AZT,P04896
1MS1,Q26966
2O4N,P03367; Q90SN9
4UP2,C3SLI7
4X47,V8BWT1
6BRJ,Q08345
6XVQ,P02689
6E0D,P02883
2RHR,P16544
1Z50,P04850
2BY9,P00760
3CL0,Q6DPL2
4JSZ,P00918
3L5U,P14174
2FO0,P00519
1BX6,P05132
1C5N,P00734; P28504
4BDS,P06276
1OTI,P16113
1J70,P08536
1X74,O06543
1ZOM,P03951
1BNT,P00918
2XYN,P42684
5RVP,P0DTD1
1NMI,P00044
3MDZ,P43166
1QE5,P81989
4CPZ,U5XBU0
1W5Y,P03366
7CBA,A0A2D0TC04
1L7P,Q58989
7URQ,P0DTC2
1MP0,P11766
1L5Q,P06737
1FI1,P06971
6OPS,Q8ULI9
1T36,P00968; P0A6F1
7V1B,C4TPE0
5NDF,Q10471
4QMN,Q9Y6E0
1FGI,P11362
6YMA,P00918
5LI8,P9WPN8
1MY8,P00811
1A7K,Q27890
4DES,P02766
3P06,Q2PBR5
1V3D,Q6WJ03
1NNB,P03472
3D9V,Q13464
1FNB,P00455
4I0X,B1MD68; B1MD69
4IU4,Q6TUJ5
2F71,P18031
5MZJ,P29274; P0ABE7
1T7I,P35963
6R18,A4TVL0
5AUX,P53355
1L5N,Q05603
7ZUB,P08238; P35869; O00170
1WZC,O58690
1IJJ,P68135
6V7G,P50477
1U3U,P00325
2FZZ,P00742
2BY5,P00760
3ABO,P19636; P0AEJ6
1UWN,P16113
2WK0,P00808
6UMY,P16113
6AWS,Q6VT83
1K9S,P0ABP8
1GSX,P16113
2PYR,P16113
6UN2,P16113
1F3F,P22887
2H6T,P0CY29
1O4C,P12931
1IEM,P00811
7O1X,A0A1Y2TH07
3DMV,P00720
1LQD,P00742
1NVU,Q07889; P01112
4ZM9,Q7L266
3LMX,P00436; P00437
1S6B,P60043; P60044
4I3I,P16113
1FWN,O66496
4YHC,O43043
5DHT,Q8Y8D7
1S2Y,P27338
6CN0,Q33DX5
1NOS,P29477
1CY4,P06612
4QA2,Q9BY41
1SON,P0A7D4
2GNL,P61926; P00517
4AGD,P35968
4B9O,P16113
1HS6,P09960
4NX7,P0ABQ4
1NEL,P00924
7B6K,P22188
2ZWE,Q83WS1; Q83WS2
1O90,P13444
5JAD,Q13093
5ESO,P9WK11
1RBQ,P22102
1NVX,Q07889; P01112
2HS1,Q7SSI0
1XJD,Q04759
1GPK,P04058
1JDW,P50440
3QNQ,Q72XQ0
5MOV,P68400
4CPM,C0LT34
7VRK,P25440
1YWV,P11309
2POQ,Q9TQS6
1RT6,P04585
1N6R,P20339
1O3N,P00760
1O30,P00760
2QWK,P03472
5VCV,Q99640
2QOC,P29320
1UYP,O33833
6ICP,H9N289
6O50,P22303
1MS8,Q26966
4ZND,Q83E11
1GQS,P04058
6Q39,P78540
4IZX,F6KMV5
1T19,P16113
1C5P,P00760
4CFK,O60885
3EQF,Q02750
3NC6,O34926
5OJI,G5EGA6
5GJV,P13806; P07293; P19517; P19518
2C6L,P24941
1L5F,Q05603
6W0N,P50053
5NZN,C3W6G3
5H16,B0VTH7
3T11,P03367
1A4G,P27907
5Z9E,P0AES6
1OT9,P16113
5A56,Q2MGH6
1G6T,P0A6D3
5HXI,Q988D3
5I2H,D5STZ7
7Q1X,P29808
3KFR,P12499
1DP9,P23222
4UHX,Q06278
1RT4,P04585
6SBF,A0A2D1CM82
3P0H,Q4QFJ7
1CLE,P32947
6ZX4,Q5F6E9
6ON3,A0A5H1ZR51
6UD7,Q9BW61; Q16531; Q14498; Q66K64
1YY7,A0A2U2GZL1
6U0K,Q6IQ55
3PY0,P24941
3AML,Q01401
1SH9,P03367
1RKD,P0A9J6
1OT6,P16113
1OWP,P05327
3Q9W,P68400
1RTY,O34899
3B7E,Q9IGQ6
1OZH,P27696
4KYO,P21549; P50542
7D0T,P14779
3FXQ,P94678
1AZM,P00915
1LW2,P04585
6AFG,Q99497
3OID,P71079
1O5C,P00749
6ZLN,P49759
1R0P,P08581
2FDD,Q7SPG9
3OGP,P16088
6D89,A0A174CQK8
3UCJ,Q96554
1G7N,P04117
4NJT,Q9J006
1OVG,P0ABP8
1T6H,P00720
1OFI,P43772; P43773
1UT6,P04058
6SPT,Q8IEW2
1XN1,P61711
1DMP,P04585
2O63,P11309
2QWH,P03472
2UY4,P29029
1IQU,P61497
1F5K,P00749
1PR6,P0ABP9
1GI2,P00760
7PBB,P21589
5LCP,P25321; P61925
4YW1,A0A0H2UQE4
13PK,P07378
1O2N,P00760
1M6H,P11766
5L15,R4NFR6
1OVH,P00720
7PJN,O75874
1EC0,P03366
5XVV,B6V7E4
1SY1,Q94734
1O83,Q47765
1GPW,Q9X0C6; Q9X0C8
3LK8,P39900
1BN4,P00918
5VEU,P20815
1XFJ,Q9AAV3
1RV0,Q82500
3PBB,Q16769
1ND6,P15309
5Z0L,Q83WS1; Q83WS2
3PY1,P24941
1O39,P00760
2RD8,P04818
1M38,P00817
1HXN,P20058
6TUZ,Q6P988
1DSG,P00431
1SGN,P00777; P68390
1NOI,P00489
7K12,Q83V25
3TKU,Q9Y5S2
1T18,P16113
1IVE,P06820
7L3J,P00720
4B7Q,C7FH46
5YX6,P96877
2ITY,P00533
3AMY,P68400
1M2R,P28523
2QAK,P03367
1O5E,P05981
7ODQ,Q5F6E9
1CU1,P26663
1A9U,Q16539
3OHT,A9UJZ9
1TO3,Q9L7R9
1B6L,P03369
4K1J,Q194T1
4EYR,Q000H7
6RG8,Q8Y8D7
5FG4,P55201
3H7H,O00267; P63272
1E8W,O02697
1O37,P00760
2HVF,P02417
1FSY,P00811
1UPU,Q26998
5G6S,Q2TW47
1GO7,P16317
1RT7,P04585
1G48,P00918
1R8X,Q9QXF8
1D9V,P35755
4E43,P12499
1PK7,P0ABP9
1W84,Q16539
2ZJW,P68400
1WTA,Q9YAQ8
2DQ7,P06241
4A3R,P37869
1IKE,Q94734
2HTW,Q6XV46
1PQ8,P35049
1RHJ,P42574
1P16,P78587
6BBS,P00918
1O2B,Q9WYT0
3EBP,P00489
1SME,P46925
1O4L,P12931
1V0N,P26514
1FG8,P04587
6DIF,P04585
3K54,Q06187
1CXA,P0C0X8
1N1T,O44049
4MWQ,A0A024E3Q2
2ANL,O60990
6ZNP,P50830
1H1I,Q7SIC2
3LOK,P00523
2OHL,P56817
1RN4,P00651
1SVG,P61926; P00517
1TFT,P98170
6I44,P03952
3V8R,Q8Y8D7
1LWF,P04585
1O2H,P00760
6JPB,P13806; P07293; P19517; P19518
1L7F,P03472
4AF3,Q96GD4; Q9NQS7
6I3E,P00918
1O6B,O34797
3TIC,Q194T1
1BYG,P41240
1IXQ,P0A794
3EW8,Q9BY41
1C1X,Q59771
3FRY,O29777
5S8M,Q8WWQ0
1S5Z,P22887
3TEG,O95363
1XH9,P61925; P00517
1JLB,P04585
3KPW,P11086
1VOT,P04058
8OG3,P38489
3LFA,Q16539
1V0F,Q04830
7WBR,A0A7C2VVZ8
1N7J,P11086
3DKE,P00720
1Q6T,P18031
2Q4G,P13489; P07998
7BRD,A6TAP7
5PH7,Q6B0I6
1P4H,P00489
8E03,P16113
1WBW,Q16539
2ZOH,P16113
7O9Y,P49759
1PBP,P0AG82
2HE8,Q91WR5
2AL0,Q26241
1QJS,P20058
1LRQ,O66496
2VK6,Q59310
2BQ7,P00742
3Q9X,P68400
1HXB,P04585
1ARZ,P04036
1C7Z,P07953
4JZD,P08709
1IEP,P00520
7OOK,P22535
1D4H,P03366
1HBY,P03950
6W2N,Q4DJ68
3MSS,P00520
4GZT,K7N5N3
4DSU,P01116
1G7F,P18031
1WYG,P22985
3CF9,Q5G940
1DPG,P11411
1HOT,P0A759
3DDS,P06737
5Z9F,P0AES6
1JS1,Q8A1E9
4WSQ,Q2M2I8
1GFW,P42574
6WZ8,Q88K39
2GNJ,Q3SX13; P00517
2FPU,Q9S5G5
6BSD,Q08345
5MWX,P09382
6MRV,A0A4S2B4D9
2ITU,P00533
1R3V,P06132
3TI1,P24941
3EL1,P03369
6EM2,P25321
2ITW,P00533
6OOS,P12497
1ED8,P00634
5XG4,P00749
3EQM,P11511
1U1E,P12758
1QUJ,P0AG82
1E3J,O96496
1Q6N,P18031
4MWW,A0A067Y7N7
3CAS,P51857
6P04,P05057
3WL7,Q9LCQ7
3DYG,Q86C09
6R0U,A4TVL0
2EZ7,P00918
1Q8U,P63249; P00517
6JPA,P13806; P07293; P19517; P19518
1BSK,P0A6K3
6HAN,V6F235
2CMB,P18031
4EKQ,P00720
1E1Y,P00489
1S4S,P16113
1O2O,P00760
3QYO,P0ABQ4
3SO9,Q000H7
2NMY,Q7SSI0
1BNM,P00918
1G4J,P00918
2R5Q,O12158
3NXU,P08684
3C6Y,P52704
2O3P,P11309
4EP3,P03369; Q9YP46
4F93,O75643
1BD4,Q26998
2FDV,P11509
1EL8,P40859
1RTI,P04585
3SXR,P51813
1CBQ,P29373
1O3B,P00760
6P11,Q8I0P1
3V8Q,Q8Y8D7
3ONP,Q3IXX1
3MFL,P00436; P00437
2Y6O,Q03137
4JBD,A5VZY6
3Q1M,P39075
2AFW,Q16769
2QEI,O67854
1Q41,P49841
6HFY,Q6XV27
1K0G,P05041
1G35,P03366
2BY3,Q9RX51
1YLH,A6VKV4
1YQY,P15917
3KFS,P12499
2VWU,P54760
1G74,P04117
6G2M,Q9NPB1
1ELI,P40859
5AMH,A4TVL0
2BMG,P00742
6EKS,P0C6E9
1I2Z,P0AEK4
4DGN,P28523
1MZ8,Q03708; Q47112
5AMJ,A4TVL0
1XML,Q96C86
5PBB,Q9UIF8
3V8N,Q8Y8D7
6TWY,Q15418; P07355; Q96QZ7
4FBE,Q86PD7
1LCU,P68135
1LQE,P00760
2UXH,Q9AIU0
7L39,P00720
1WWJ,P74645
1QVU,P0A0N4
1S1X,P04585
1MUI,Q903J0
2HTQ,Q07599
2D6C,P02185
3H55,P17050
1NL9,P18031
4ZOG,P00519
2BQW,P00742
4H2Q,Q988D3
1R3M,P00669
1NWZ,P16113
1RDW,P68135
7MAQ,P03367
1II8,P58301
1L0G,P00811
7DT9,P04585
4QN7,Q20R18
4A5R,P94458
6OPZ,P12497
1DGK,P19367
6SF9,Q8WS26
1NOC,P29477; P62577
1PU8,O25323
3GN1,O76290
1JCY,O66496
5YJ0,Q8C7D2
1Y59,P00760
3BLR,P50750; O60563
1ONZ,P18031
1E9G,P00817
2CNF,P18031
4H0X,P68135; Q46220
2RKF,Q90JJ9
1U1C,P12758
7FJK,P31011
4EKP,P00720
3PCF,P00436; P00437
4REL,A4F1R4
4FDH,P19099
1NGD,P19120
7MT6,P0A2K1; P00929
2FM0,Q08499
1UCN,P15531
1QUK,P0AG82
2AOW,P50135
1E1R,P19483; P00829; P05631
2POU,P00918
1Q11,P54577
1D8A,P0AEK4
1GO8,P16317
3CL2,Q6DPL2
4CUS,Q9UIF8
1C14,P0AEK4
4DEW,P02766
1GJ5,P00734; P28504
2YA8,P62575
5NUM,P02754
3MY1,P50750; O60563
4XTA,P37231
6JOL,P16234
1O2I,P00760
1P35,P08160
2CEX,P44542
1HVR,P04585
1AJ9,P69905; P68871
2C8Y,P00734; P09945
7OQ7,P03372; P31947
3A5R,Q94FV7
3L6T,Q9X4G2
1ZSB,P00918
4IE2,P78540
1GHV,P00734; P28504
3G5D,P00523
1WBN,Q16539
1BX1,P00455
1URB,P00634
2D02,P16113
1OTX,P0ABP8
1KV8,P39304
2CSG,Q8ZQM7
7D38,G9YLX2
1RWG,P84141
1S1U,P04585
1ALK,P00634
1REO,Q6STF1
1HQ0,Q47106
2OC0,P27958
2A0I,P14565
3GI4,P03369
8EFQ,P63212; P54311; P63096; P35372
4H03,P68135; Q46220
1TO2,P00782; Q40059
1Q6J,P18031
2O4K,P03367; Q903J0
5AJQ,O94804
1WBV,Q16539
6T41,P24863; P49336
5FG5,P55201
3AMA,P61925; P17612
1GP6,Q96323
7DQJ,P0AES6
2HOC,P00918
3E5A,O14965; Q9ULW0
1HVI,O92139
1RV3,P07511
1KE3,P00811
2NNP,Q7SSI0
1U18,Q26239
2CHL,Q9Y6M4
5Z0K,Q83WS1; Q83WS2
1GS4,P10275
4XUZ,S5LVN3
1N1V,O44049
2A47,Q9U6Y6
2C4V,Q48255
3MA8,Q5CSM7
1XOE,P03472
2QWC,P03472
4CPY,U5XBU0
1UU9,O15530
1RHR,P42574
1TCU,Q9BMI9
5M5A,Q14680
2WU6,P49761
3UPJ,P04584
6S1I,Q13627
1GRC,P08179
6MKT,P16113
6R1A,A4TVL0
4GP7,A3DJ38
1YXX,P11309
6O4W,P22303
6P10,Q8I0P1
5KR1,V5YAB1
3UCB,P03367
3PGY,Q5HE87
2A4L,P24941
1W81,O61130
6G2L,Q9NPB1
1X55,O57980
1LK2,P01887; P15208; P01901
7DQW,P0AES6
1RKS,P0A9J6
1BJW,Q56232
1YT9,P03366
7VE0,Q8I6V3
1O2K,P00760
1BRL,P07739; P07740
3S2Z,D3YEX6
6VXH,Q9UNQ0
1G77,P0AFI7
1RR6,P00491
2IRW,P28845
4WHO,P00436; P00437
6JU9,A0A1S9DK56
1OTD,P16113
2F25,Q9Y3R4
1WB0,Q13231
1KWQ,P00918
4HKN,Q9H2K2
4HZE,P78540
4FOE,P19367
2J5F,P00533
1HVK,P03366
1IRC,P02185
4QMP,Q9Y6E0
1FNQ,P0C0Y9; P0C0Y7; P0C0Y8
1HSG,P03367
1WEK,Q5SHT6
6OOT,P12497
5IXX,Q8YUQ7
1SB7,Q57261
1S3L,Q58346
1LXC,P0AEK4
6IM3,C0QRB5
1G4O,P00918
1SOO,P0A7D4
1B5P,Q56232
1NQV,O66529
1XBO,P18031
1GFZ,P00489
1I09,P49841
1IZE,P0CU33
1RX6,P0ABQ4
7OCS,D0C7J2
3PCK,P00436; P00437
1B9S,P03474
5LWO,P00720
4H0V,P68135; Q46220
2I9V,P16113
6RWD,P08515
6NUX,P61769; P06126
1I1D,P43577
6NML,P05057
1NZY,A5JTM5
4GF7,Q988D3
3VE3,P16113
7DOR,P0AES6
1YXV,P11309
1OTE,P16113
6XVY,P02689
7DQM,P0AES6
6YG4,O14733
3FW1,P16083
3BWC,Q4DA73
3S54,Q7SSI0
5Z0G,Q83WS1; Q83WS2
4HTF,Q8XDG3
1GEG,Q48436
1HBJ,P04058
3PG6,Q8TDB6
1FSW,P00811
1FKP,P04585
1XMY,Q07343
1M2P,P28523
3ABS,P19636; P0AEJ6
5VD3,Q99640
6GTT,O94804
2ZOI,P16113
3EKY,P03369
3OHL,P08254
1M0B,P03367
1JB1,Q9RE09
6NRI,P09874
1OVK,P00720
6ZQH,P05759; P22515
3DDQ,P24941; P30274
3CAJ,P00918
4KIK,O14920
2Q6H,O67854
1BWA,P04585
1N6I,P20339
3EKW,P03369
1TV9,P06746
1GLI,P69905; P68871
1TJ7,P11447
1Q8T,P61925; P00517
1YCM,P39900
6UMB,Q9C029
4NX6,P0ABQ4
1EUS,Q02834
5MI8,P0CE47
4TVH,Q90EA1
4XES,P20789; P20068; P00720
1E04,P01008
1M43,P46925
4JY2,Q988D3
2BY6,P00760
3UWU,Q6GIL6
3GI6,P03369
3CL8,Q3KFK7
1VK1,Q8U3S5
3JWQ,O76074; P51160
1ELX,P00634
1NQX,O66529
6Q0W,Q9BW61; Q16531; Q14498; Q66K64
2HU4,Q6DPL2
1EL5,P40859
3OIG,P54616
4E47,Q8WTS6
3D1Z,P04587
1O9B,P0A6D5
5HM7,O00481
4DER,P02766
1GRB,P00390
4BZQ,P9WNM5
1WA6,Q08506
2WYW,Q5SLI9
1YGJ,P82197
1GA9,P00811
1HA3,Q5SHN6
5YIZ,Q8C7D2
1L9E,P40859
4YGS,B6YTD6
1OIX,P62491
3PJF,P0AEK4
1N61,P19919; P19920; P19921
6EBP,F2I8X9
1RBM,P22102
2A3B,Q873X9
4FEX,B0VD92
4DGM,P28523
4MMA,O67854
3TKW,P03366
6TRX,Q6V1X1
1GI6,P00760
3CF8,Q5G940
6YRI,P00918
1C5W,P00749
1DIF,P03367
1FWT,O66496
5Z9L,P0AES6
1NH0,P03367
6KYR,O15075
5NUN,P02754
1IIQ,P03367
3PZH,P28523
1KAE,P06988
1RE0,P47102; P84077
2WEV,P24941; P20248
1G2K,P04587
2HWP,P00523
1LPZ,P00742
2ERZ,P05132; P61926
6VAT,P40709
1CY2,P06612
6QCN,Q8IXJ6
1BIH,P25033
4HPB,Q94734
3U1Q,O53223
2OA6,Q9UR08
1S2J,Q9VYX7
3LM5,O94768
1I8Z,P00918
1W6Q,P09382
6XCY,P00791
4XXB,Q00987; P62913
1IGS,Q06121
1B6J,P03369
2WVE,O25896
830C,P45452
1MRQ,Q04828
3NYV,Q9BJF5
3RNM,P09622; P11182
5JMM,P03372; Q15788
5FLJ,A2VA43
1MUY,P17802
2Z02,Q58987
1K6C,P35963
5IAX,A0A4Y1WAP5
5E5K,P03367
4QEM,P59071
1C5X,P00749
1X01,O57883
3TNE,P32951
1GPN,P04058
2GZ8,P0C6X7
1W6I,P46925
3G0E,P10721
2C4W,Q48255
3WL5,Q9LCQ7
2ZYE,P03367
4MXY,P12931
6EQP,P06276
1MAA,P21836
1GSN,P00390
1S56,P9WN25
1DKS,P61024
4B1H,Q86W56
1UTE,P09889
1NNC,P03472
1XJO,P80561
1ONK,P81446
1F5S,Q58989
4IUP,Q9XI47
1F0T,P00760
6SJ7,Q9BW61; Q16531; Q14498; Q66K64
1GHY,P00734; P28504
1W0J,P19483; P00829; P05631
5WHX,I1MYY4
1FXF,P00592
4WHQ,P00436; P00437
1ATR,P19120
6TSE,Q06187
1QHU,P20058
5AUW,P53355
6XD2,P00791
2GNI,P61925; P00517
1F0Q,P28523
4G7A,B2V8E3
1G55,O14717
1U99,P0A7G6
3NUA,Q0TTB4
1ZXV,Q52NH3
5TS8,P28523
1NBM,P19483; P00829; P05631
4Q1P,P09382
7DPS,P0AES6
4KV0,P00918
3CKZ,Q6DPL2
5DHP,Q8Y8D7
1BZM,P00915
1FNP,P0C0Y9; P0C0Y7; P0C0Y8
3HMI,P42684
1WDU,Q93139
1KZ6,Q9UUB1
1K6M,P16118
6CVS,Q7Z2E3
1O2L,P00760
3KRX,P63212; P25098; P62871
1QVS,P35755
4XLI,Q4JIM5
3X00,P22629
1HKC,P19367
1C1N,P00760
3EZP,Q9BY41
2X8H,Q962Y6
1FFF,P04587
1NRW,P94592
6GDC,P00918
4V32,A4TVL0
2HS2,Q7SSI0
1KSJ,Q9D0J4; O43924
5FG6,O95696
1T69,Q9BY41
7WH9,Q0CCY5
1F4U,Q55080
1EUC,P53590; O19069
1L8O,P78330
3TTP,P03367
2IU9,P0CD76
5NYA,P00918
2C8M,Q9HKT1
3DA8,P9WHM5
1HWR,P04585
2G2H,P00519
1MQ4,O14965
2PYP,P16113
2I4U,Q7SSI0
3DDW,P06737
1VL8,Q9WYS2
6ZGC,Q04771
1MG2,P22619; P22364; P29894; P29899
3PCZ,P11838
1YXS,P11309
2D01,P16113
3DBU,P00918
7WSZ,Q04760
1W5V,P03366
1G78,P0AFI7
1HTF,P03366
3CSW,P74921
4LF6,Q5SLQ0; Q5SHP7; P17291; P80373; Q5SIH3; Q5SHN7; Q5SHQ1; Q5SLP8; Q5SHP2; Q5SHQ5; Q5SJ76; P80374; P80371; Q5SJH3; Q5SHQ2; P80376; P80372; P80377; P80380; F6DEQ7
1NGB,P19120
2YWP,O14757
3BUZ,P68135; Q46220
2O7D,Q3IWB0
4JLC,Q9WUN2
4F9U,Q9VRQ9
5KR2,V5YAB1
2ANY,P03952
4P6S,B2ZB02
2C8Z,P00734; P09945
1I9O,P00918
2BY8,P00760
1MXB,P0A817
2BK5,P27338
1NO6,P18031
1U75,P00004; P00431
1I9P,P00918
4H0Y,P68135; Q46220
4QMZ,Q9Y6E0
3OEZ,P00523
3BNY,Q9UR08
3E32,Q04631; Q02293
1RYW,P33038
2B17,P59071
3AYC,P17931
4BG4,Q004B5
1QVT,P0A0N4
5DX9,Q059G6
3PDB,P05202
1XT3,P60301
2C6T,P24941; P20248
5TUO,A0A0M3KL20
3PCJ,P00436; P00437
1T8G,P00720
1J3B,Q5SLL5
5I9Y,P29317
1BSJ,P0A6K3
1TSM,P00469
2DDF,P78536
8AXS,A0A7G6DVF6
2CLQ,Q99683
1H6L,O66037
2F32,P00720
2AVS,P04587
1C6Y,O09893
1JLF,P04585
6YA5,C3W5X6
5UIH,P0ABQ4
1KYY,Q9UUB1
2BAG,P04058
1EJD,P33038
4OJ4,P37231
1ONY,P18031
7PNJ,P03950
2VW1,Q54727
1NQU,O66529
2A6C,Q82UW4
1MA0,P11766
1ZH6,Q57834
1NHG,Q9BH77
2A3A,Q873X9
3MWS,Q673V0
5DR9,O14965
1AQ1,P24941
1NGC,P19120
3PJD,P0AEK4
1QYX,P14061
7D7L,P0DTD1
1FZJ,P01887; P11212; P01901
3DNA,P00720
4D33,P29473
6LD3,A0A024B7W1
1NFX,P00742
1OYN,Q08499
1DMY,P23589
6OPY,P12497
1QFG,P06971
1U14,P39432
1FJM,P62139
5GX9,P16113
3G0F,P10721
5ZJ6,P08631
1NPW,P03366
5WBR,P50053
7F6E,Q53VZ2
3EBO,P00489
1NOJ,P00489
4AXD,Q93YN9
1GRG,P00390
6M12,A5H025
1C5T,P00760
1F2F,P00523
3NDX,P03367
4ALI,A0A0H3JLH9
1U3V,P00325
2AOX,P50135
5MYG,P55201
1O2W,P00760
2ZZK,Q08282
1KP3,P0A6E4
5JNA,P22748
2FJM,P18031
1AJK,P23904
1ZZ1,Q70I53
3PRS,P11838
5ZRD,Q2T7K1
2F6W,P18031
1D2A,P40347
1H53,P03950
1TS6,P16113
2GCD,Q9JLS3
7BMD,Q6P988
5OWR,O94804
2HRC,P22830
1BVG,P04585
6HW2,D4A055; Q13185
4NJU,Q9J006
1MS0,Q26966
4M4V,Q4WQS0
1EW8,P00634
5TCK,A0A3Q8I8I6
4GJZ,Q8N371
1XBC,P43405
1O3K,P00760
3CYW,P04587
4COQ,E8T502
1S3E,P27338
3SZQ,O74859
1LS5,Q8IM16
3UME,P16113
4F9Y,Q16539
1MEU,P03366
1PJS,P25924
2F70,P18031
1O2Z,P00760
1TE6,P09104
1M08,Q47112
6EMH,P53779
1BWB,P04585
1EBZ,P03366
1I12,P43577
3F06,Q9BY41
2DKK,Q9KZF5
4UAB,Q1QZR9
1D1Q,P40347
3OGA,Q8ZNF5
6RT2,Q8IEW2
3HUQ,P00720
1NU9,Q846V4; P00734
2BB2,P02522
7SGG,F1QCV2
2POV,P00918
1V2I,Q6WJ03
4R7I,P07333
3HKU,P00918
1JU6,P04818
6QWV,Q6SZW1
1PR5,P0ABP9
1L7H,P03472
7D1D,Q8A4P9
1O3G,P00760
5DV4,Q96LI5
1M6W,P11766
6QL2,P00918
1IE7,P41022; P41020; P41021
1GZ5,P31677
1A9O,P55859
3IK6,P19491
1FR2,P13479; P09883
1W76,P04058
5Z3A,D2PPM8
2J38,P00742
1DSE,P00431
6ZWF,Q5F6E9
1Q9M,Q08499
4H0T,P68135; Q46220
3THS,P13255
4K4Q,P12499
3LON,Q9ELS8
7T4J,P00533
1VJ5,P34913
6M11,A5H025
7C87,Q9Y9L0
1JD0,O43570
1FRN,P00455
2I4V,Q903J0
1NYM,P62593
2O65,P11309
1RJF,Q04081
4HJO,P00533
1HVC,Q4VE97
1MES,P03366
4DQF,P12499
2XTK,B0Y2Y2
7CM1,A0A2P1GNT2
1PI5,P00811
1BZQ,P61823
4F9O,P19367
4X5J,P0ABQ4
1JE0,P50389
6AF5,Q99497
4XV5,P00431
148L,P00720
3C0Z,Q8WUI4
5EQC,S8EY38
1UMX,P0C0Y9; P0C0Y7; P0C0Y8
4GYP,P0AES2; Q46915
5MOQ,P00760
1RNR,P69924
1HSZ,P00325
6W01,P0DTD1
2PYN,P03367
7XN1,P22303
1XMZ,Q9GZ28
1C5R,P00760
3TL9,P03366
1WOJ,P09543
6YT1,P9WKE1
3PCC,P00436; P00437
3U7S,P35963
1KZ4,Q9UUB1
1RXC,P12758
2XY5,E1C9K5
1L83,P00720
6I2C,P25321; G3HK48
3LD6,Q16850
2RDP,D0VWY6
1PXO,P24941
2ZNU,P39086
7P18,A9XWD7
4K0S,P00918
1KVL,P00811
4EIS,Q7SA19
1X06,P60472
1U0G,P06745
1HO4,P0A794
1RX9,P0ABQ4
1EW2,P05187
1KA1,P32179
1AJ0,P0AC13
4EY6,P22303
1WVY,P53355
4LMU,P11309
4NZW,Q9Y376; O00506
1P1J,P11986
1PTM,P19624
5T2Z,I7BFC3
1UWV,P55135
6O5Z,Q8NB16
2HU0,Q6DPL2
1ZVX,P22894
2F4J,P00519
1HPC,P16048
117E,P00817
1N4U,P12676
3WL8,Q9LCQ7
3E8R,P78536
5YQL,Q8IXJ6
3V8P,Q8Y8D7
6RFH,P00918
2CNG,P18031
2VH3,P85511
1CBF,O87696
6ZG1,Q6SZW1
1PI4,P00811
5M6V,P25321; P61925
3SJZ,Q980A5
5IBY,Q830N7
5AV2,P53355
4DET,P02766
2HOG,O14757
1KZ9,Q9UUB1
1GJW,O33838
2QLQ,P00523
7L3D,P00720
3CBM,Q8WTS6
1ELY,P00634
2IEO,Q7SSI0
6OPW,P12497
4N0S,P28482
1HNJ,P0A6R0
1GIT,P10824
1PHD,P00183
3Q70,P0CS83
1BN3,P00918
1KXG,Q9Y275
1F8R,P81382
1IMD,P29218
3BNX,Q9UR08
1K3S,A0A0F6AZQ4
4V30,A4TVL0
7DQH,P0AES6
5T8U,Q8IEG9
1OTB,P16113
2GKP,Q9K0T5
1E66,P04058
1AXR,P00489
3QU2,Q8A5V9
2FGI,P11362
1UW3,P23907
8DYQ,Q50940
1F0R,P00742
1DVX,P02766
2I0D,O38731
1SDU,P03367
5Y8T,E0TW95
2VLB,Q05115
2B60,Q7SMT3
1FWS,O66496
3IAI,Q16790
1ALI,P00634
1LWE,P04585
3MJF,Q8ZAR2
1NFU,P00742
3CM3,P07239
4HY8,P16113
1T7J,P35963
1O2V,P00760
4HLA,P03367
1XH4,P61925; P00517
1T3R,P03369
5MUE,P49638
1PF8,P24941
3HXY,P00957
1OQ5,P00918
6NDS,A0A0D5YK08
4F9W,Q16539
4BGV,Q6L0C3
1XGK,Q5AU62
1F6N,P0C0Y9; P0C0Y7; P0C0Y8
2UPJ,P03367
1RQ9,Q5RTL1
7U4G,B8K0N8
5EI5,P04058
1P45,P9WGR1
1TSN,P0A884
5I8F,E9JSA3
4DFU,O68183
5PHK,Q6B0I6
1HJ8,P35031
1QF4,P0A7D4
4BBV,P16113
2CMC,P18031
1JKJ,P0AGE9; P0A836
5WXK,E6MVV9; E6MVW0
1YI3,P11309
1O3C,P00760
1B6K,P03369
1WP9,Q8TZH8
1NX6,P44801
7NA1,Q00987
1FI7,P00004
5AMN,P07949
3HXU,P00957
2F10,Q9Y3R4
4BZF,P39840
2F6T,P18031
6JOK,P16234
1PXX,Q05769
2PSD,P27652
4MKZ,A5YBJ8
1C5O,P00734; P28504
3RFM,P29274
3HH2,O08689; P19883
2IIV,P27487
8DZY,P16113
2QWI,P03472
4F7S,P24863; P49336
1U7R,P02185
5FHV,D0VWW2
1EC1,P03366
2C74,Q04917
1GSE,P08263
3PCE,P00436; P00437
3FW3,P22748
2R2I,P79880
2C1Z,P51094
1VKF,Q9X1F0
1TWY,Q9KLD9
5MNG,P00760
7Q40,O95714
2NOS,P29477
